Campaign,Campaign Daily Budget,Campaign Type,Networks,Ad Group,Max CPC,Keyword,Criterion Type,Ad Type,Final URL,Path 1,Path 2,Headline 1,Headline 2,Headline 3,Headline 4,Headline 5,Headline 6,Headline 7,Headline 8,Headline 9,Headline 10,Headline 11,Headline 12,Headline 13,Headline 14,Headline 15,Description 1,Description 2,Description 3,Description 4
Car Lockout,45.00,Search,Google search,Car Lockout,6.00,car lockout knoxville,Exact,,,,,,,,,,,,,,,,,,,,,,,
Car Lockout,,Search,Google search,Car Lockout,6.00,locked keys in car,Exact,,,,,,,,,,,,,,,,,,,,,,,
Car Lockout,,Search,Google search,Car Lockout,6.00,car lockout service,Exact,,,,,,,,,,,,,,,,,,,,,,,
Car Lockout,,Search,Google search,Car Lockout,6.00,locked out of my car,Phrase,,,,,,,,,,,,,,,,,,,,,,,
Car Lockout,,Search,Google search,Car Lockout,6.00,keys locked in car,Phrase,,,,,,,,,,,,,,,,,,,,,,,
Car Lockout,,Search,Google search,Car Lockout,6.00,car door unlock service,Phrase,,,,,,,,,,,,,,,,,,,,,,,
Car Lockout,,Search,Google search,Car Lockout,6.00,unlock car door near me,Phrase,,,,,,,,,,,,,,,,,,,,,,,
Car Lockout,,Search,Google search,Car Lockout,6.00,car lockout near me,Phrase,,,,,,,,,,,,,,,,,,,,,,,
Car Lockout,,Search,Google search,Car Lockout,6.00,auto locksmith near me,Phrase,,,,,,,,,,,,,,,,,,,,,,,
Car Lockout,,Search,Google search,Car Lockout,6.00,locked out of car,Phrase,,,,,,,,,,,,,,,,,,,,,,,
Car Lockout,,,,Car Lockout,,key replacement,Negative Phrase,,,,,,,,,,,,,,,,,,,,,,,
Car Lockout,,,,Car Lockout,,key fob,Negative Phrase,,,,,,,,,,,,,,,,,,,,,,,
Car Lockout,,,,Car Lockout,,ignition,Negative Phrase,,,,,,,,,,,,,,,,,,,,,,,
Car Lockout,,,,Car Lockout,,house,Negative Phrase,,,,,,,,,,,,,,,,,,,,,,,
Car Lockout,,,,Car Lockout,,home,Negative Phrase,,,,,,,,,,,,,,,,,,,,,,,
Car Lockout,,,,Car Lockout,,safe,Negative Phrase,,,,,,,,,,,,,,,,,,,,,,,
Car Lockout,,,,Car Lockout,,commercial,Negative Phrase,,,,,,,,,,,,,,,,,,,,,,,
Car Lockout,,,,Car Lockout,,,,Responsive search ad,https://tristarlocksmith.com/lp/car-lockout,Car-Lockout,Knoxville,Car Lockout in Knoxville,Locked Out of Your Car?,Keys Locked in the Car?,Car Door Unlock Service,We Come to Your Location,No-Damage Car Unlocking,Call (865) 381-3931,Knoxville Car Locksmith,"Upfront Pricing, No Surprise",All Makes and Models,Insured Local Locksmith,Back on the Road Fast,Mobile Car Lockout Help,Serving 27 East TN Cities,On-Site in the Knox Area,"Locked out of your car in Knoxville? We unlock all makes on-site, no damage.",Upfront pricing before we start. Insured local techs. Call (865) 381-3931.,Mobile locksmith serving Knoxville and 27 East TN communities. We come to you.,No hidden fees. Fast response to get you back on the road. Call us now.
House Lockout,37.00,Search,Google search,House Lockout,6.00,house lockout knoxville,Exact,,,,,,,,,,,,,,,,,,,,,,,
House Lockout,,Search,Google search,House Lockout,6.00,locked out of house,Exact,,,,,,,,,,,,,,,,,,,,,,,
House Lockout,,Search,Google search,House Lockout,6.00,home lockout service,Exact,,,,,,,,,,,,,,,,,,,,,,,
House Lockout,,Search,Google search,House Lockout,6.00,locked out of my house,Phrase,,,,,,,,,,,,,,,,,,,,,,,
House Lockout,,Search,Google search,House Lockout,6.00,residential locksmith near me,Phrase,,,,,,,,,,,,,,,,,,,,,,,
House Lockout,,Search,Google search,House Lockout,6.00,house lockout near me,Phrase,,,,,,,,,,,,,,,,,,,,,,,
House Lockout,,Search,Google search,House Lockout,6.00,locked out of apartment,Phrase,,,,,,,,,,,,,,,,,,,,,,,
House Lockout,,Search,Google search,House Lockout,6.00,unlock house door,Phrase,,,,,,,,,,,,,,,,,,,,,,,
House Lockout,,Search,Google search,House Lockout,6.00,home locksmith near me,Phrase,,,,,,,,,,,,,,,,,,,,,,,
House Lockout,,Search,Google search,House Lockout,6.00,locked myself out,Phrase,,,,,,,,,,,,,,,,,,,,,,,
House Lockout,,,,House Lockout,,car,Negative Phrase,,,,,,,,,,,,,,,,,,,,,,,
House Lockout,,,,House Lockout,,auto,Negative Phrase,,,,,,,,,,,,,,,,,,,,,,,
House Lockout,,,,House Lockout,,vehicle,Negative Phrase,,,,,,,,,,,,,,,,,,,,,,,
House Lockout,,,,House Lockout,,key fob,Negative Phrase,,,,,,,,,,,,,,,,,,,,,,,
House Lockout,,,,House Lockout,,safe,Negative Phrase,,,,,,,,,,,,,,,,,,,,,,,
House Lockout,,,,House Lockout,,ignition,Negative Phrase,,,,,,,,,,,,,,,,,,,,,,,
House Lockout,,,,House Lockout,,padlock,Negative Phrase,,,,,,,,,,,,,,,,,,,,,,,
House Lockout,,,,House Lockout,,,,Responsive search ad,https://tristarlocksmith.com/lp/house-lockout,House-Lockout,Knoxville,House Lockout in Knoxville,Locked Out of Your House?,Locked Out of Your Home?,Home Lockout Service,We Come to Your Door,No-Damage Door Opening,Call (865) 381-3931,Knoxville House Locksmith,"Upfront Pricing, No Surprise",Insured Local Technicians,Back Inside Fast,Residential Locksmith,Mobile House Lockout Help,Serving 27 East TN Cities,Locked Yourself Out?,Locked out of your home in Knoxville? We open residential doors without damage.,Upfront pricing before we start. Insured local techs. Call (865) 381-3931.,Mobile locksmith serving Knoxville and 27 East TN communities. We come to you.,"No hidden fees, no surprises. Fast, friendly, local service. Call us now."
Car Key Replacement,30.00,Search,Google search,Car Key Replacement,6.00,car key replacement knoxville,Exact,,,,,,,,,,,,,,,,,,,,,,,
Car Key Replacement,,Search,Google search,Car Key Replacement,6.00,lost car keys,Exact,,,,,,,,,,,,,,,,,,,,,,,
Car Key Replacement,,Search,Google search,Car Key Replacement,6.00,car key maker,Exact,,,,,,,,,,,,,,,,,,,,,,,
Car Key Replacement,,Search,Google search,Car Key Replacement,6.00,car key replacement near me,Phrase,,,,,,,,,,,,,,,,,,,,,,,
Car Key Replacement,,Search,Google search,Car Key Replacement,6.00,replace car key,Phrase,,,,,,,,,,,,,,,,,,,,,,,
Car Key Replacement,,Search,Google search,Car Key Replacement,6.00,car key cutting near me,Phrase,,,,,,,,,,,,,,,,,,,,,,,
Car Key Replacement,,Search,Google search,Car Key Replacement,6.00,transponder key replacement,Phrase,,,,,,,,,,,,,,,,,,,,,,,
Car Key Replacement,,Search,Google search,Car Key Replacement,6.00,car key fob replacement,Phrase,,,,,,,,,,,,,,,,,,,,,,,
Car Key Replacement,,Search,Google search,Car Key Replacement,6.00,lost car key no spare,Phrase,,,,,,,,,,,,,,,,,,,,,,,
Car Key Replacement,,Search,Google search,Car Key Replacement,6.00,program car key near me,Phrase,,,,,,,,,,,,,,,,,,,,,,,
Car Key Replacement,,,,Car Key Replacement,,lockout,Negative Phrase,,,,,,,,,,,,,,,,,,,,,,,
Car Key Replacement,,,,Car Key Replacement,,locked out,Negative Phrase,,,,,,,,,,,,,,,,,,,,,,,
Car Key Replacement,,,,Car Key Replacement,,house,Negative Phrase,,,,,,,,,,,,,,,,,,,,,,,
Car Key Replacement,,,,Car Key Replacement,,home,Negative Phrase,,,,,,,,,,,,,,,,,,,,,,,
Car Key Replacement,,,,Car Key Replacement,,key blank only,Negative Phrase,,,,,,,,,,,,,,,,,,,,,,,
Car Key Replacement,,,,Car Key Replacement,,,,Responsive search ad,https://tristarlocksmith.com/lp/car-key-replacement,Car-Keys,Knoxville,Car Key Replacement Knoxville,Lost Your Car Keys?,New Car Key On-Site,Keys Cut and Programmed,Transponder Key Service,Key Fob Replacement,Call (865) 381-3931,Knoxville Car Key Maker,Most Makes and Models,"Upfront Pricing, No Surprise",Insured Local Locksmith,We Come to Your Location,Push-to-Start Smart Keys,Lost All Keys? We Can Help,Often Less Than the Dealer,"Lost your car key in Knoxville? We cut and program new keys on-site, most makes.","Smart keys, fobs, transponders. Upfront pricing. Call (865) 381-3931.",Mobile locksmith serving Knoxville and 27 East TN communities. We come to you.,"No tow needed. Fair, upfront pricing before we start. Call us today."
Emergency Locksmith,38.00,Search,Google search,Emergency Locksmith,6.00,emergency locksmith knoxville,Exact,,,,,,,,,,,,,,,,,,,,,,,
Emergency Locksmith,,Search,Google search,Emergency Locksmith,6.00,locksmith near me,Exact,,,,,,,,,,,,,,,,,,,,,,,
Emergency Locksmith,,Search,Google search,Emergency Locksmith,6.00,24 hour locksmith,Exact,,,,,,,,,,,,,,,,,,,,,,,
Emergency Locksmith,,Search,Google search,Emergency Locksmith,6.00,emergency locksmith near me,Phrase,,,,,,,,,,,,,,,,,,,,,,,
Emergency Locksmith,,Search,Google search,Emergency Locksmith,6.00,locksmith open now,Phrase,,,,,,,,,,,,,,,,,,,,,,,
Emergency Locksmith,,Search,Google search,Emergency Locksmith,6.00,mobile locksmith near me,Phrase,,,,,,,,,,,,,,,,,,,,,,,
Emergency Locksmith,,Search,Google search,Emergency Locksmith,6.00,locksmith knoxville tn,Phrase,,,,,,,,,,,,,,,,,,,,,,,
Emergency Locksmith,,Search,Google search,Emergency Locksmith,6.00,local locksmith near me,Phrase,,,,,,,,,,,,,,,,,,,,,,,
Emergency Locksmith,,Search,Google search,Emergency Locksmith,6.00,after hours locksmith,Phrase,,,,,,,,,,,,,,,,,,,,,,,
Emergency Locksmith,,Search,Google search,Emergency Locksmith,6.00,locksmith near me now,Phrase,,,,,,,,,,,,,,,,,,,,,,,
Emergency Locksmith,,,,Emergency Locksmith,,jobs,Negative Phrase,,,,,,,,,,,,,,,,,,,,,,,
Emergency Locksmith,,,,Emergency Locksmith,,school,Negative Phrase,,,,,,,,,,,,,,,,,,,,,,,
Emergency Locksmith,,,,Emergency Locksmith,,supply,Negative Phrase,,,,,,,,,,,,,,,,,,,,,,,
Emergency Locksmith,,,,Emergency Locksmith,,parts,Negative Phrase,,,,,,,,,,,,,,,,,,,,,,,
Emergency Locksmith,,,,Emergency Locksmith,,tool,Negative Phrase,,,,,,,,,,,,,,,,,,,,,,,
Emergency Locksmith,,,,Emergency Locksmith,,,,Responsive search ad,https://tristarlocksmith.com/lp/emergency-locksmith,Emergency,Knoxville,Emergency Locksmith Knoxville,Need a Locksmith Now?,Local Knoxville Locksmith,Mobile Locksmith Near You,We Come to Your Location,Call (865) 381-3931,"Car, Home and Business",No-Damage Lock Service,"Upfront Pricing, No Surprise",Insured Local Technicians,Lockouts and Rekeys,Serving 27 East TN Cities,Fast Local Response,Around-the-Clock Emergency,Break-In Repair Service,Locked out in Knoxville? Local insured locksmith comes to you. No-damage entry.,"Cars, homes, businesses. Upfront pricing. Call (865) 381-3931.",Mobile locksmith serving Knoxville and 27 East TN communities. We come to you.,"Emergency service available around the clock. Fair, upfront pricing. Call now."
Car Lockout,,,,,,free,Campaign Negative Phrase,,,,,,,,,,,,,,,,,,,,,,,
Car Lockout,,,,,,jobs,Campaign Negative Phrase,,,,,,,,,,,,,,,,,,,,,,,
Car Lockout,,,,,,job,Campaign Negative Phrase,,,,,,,,,,,,,,,,,,,,,,,
Car Lockout,,,,,,hiring,Campaign Negative Phrase,,,,,,,,,,,,,,,,,,,,,,,
Car Lockout,,,,,,salary,Campaign Negative Phrase,,,,,,,,,,,,,,,,,,,,,,,
Car Lockout,,,,,,course,Campaign Negative Phrase,,,,,,,,,,,,,,,,,,,,,,,
Car Lockout,,,,,,training,Campaign Negative Phrase,,,,,,,,,,,,,,,,,,,,,,,
Car Lockout,,,,,,school,Campaign Negative Phrase,,,,,,,,,,,,,,,,,,,,,,,
Car Lockout,,,,,,diy,Campaign Negative Phrase,,,,,,,,,,,,,,,,,,,,,,,
Car Lockout,,,,,,how to,Campaign Negative Phrase,,,,,,,,,,,,,,,,,,,,,,,
Car Lockout,,,,,,youtube,Campaign Negative Phrase,,,,,,,,,,,,,,,,,,,,,,,
Car Lockout,,,,,,kit,Campaign Negative Phrase,,,,,,,,,,,,,,,,,,,,,,,
Car Lockout,,,,,,amazon,Campaign Negative Phrase,,,,,,,,,,,,,,,,,,,,,,,
Car Lockout,,,,,,cheap,Campaign Negative Phrase,,,,,,,,,,,,,,,,,,,,,,,
Car Lockout,,,,,,cheapest,Campaign Negative Phrase,,,,,,,,,,,,,,,,,,,,,,,
Car Lockout,,,,,,bump key,Campaign Negative Phrase,,,,,,,,,,,,,,,,,,,,,,,
Car Lockout,,,,,,pick set,Campaign Negative Phrase,,,,,,,,,,,,,,,,,,,,,,,
Car Lockout,,,,,,practice lock,Campaign Negative Phrase,,,,,,,,,,,,,,,,,,,,,,,
Car Lockout,,,,,,gun safe code,Campaign Negative Phrase,,,,,,,,,,,,,,,,,,,,,,,
Car Lockout,,,,,,change battery,Campaign Negative Phrase,,,,,,,,,,,,,,,,,,,,,,,
Car Lockout,,,,,,wholesale,Campaign Negative Phrase,,,,,,,,,,,,,,,,,,,,,,,
Car Lockout,,,,,,supplier,Campaign Negative Phrase,,,,,,,,,,,,,,,,,,,,,,,
Car Lockout,,,,,,franchise,Campaign Negative Phrase,,,,,,,,,,,,,,,,,,,,,,,
Car Lockout,,,,,,home depot,Campaign Negative Phrase,,,,,,,,,,,,,,,,,,,,,,,
Car Lockout,,,,,,lowes,Campaign Negative Phrase,,,,,,,,,,,,,,,,,,,,,,,
Car Lockout,,,,,,walmart,Campaign Negative Phrase,,,,,,,,,,,,,,,,,,,,,,,
Car Lockout,,,,,,aaa,Campaign Negative Phrase,,,,,,,,,,,,,,,,,,,,,,,
Car Lockout,,,,,,insurance,Campaign Negative Phrase,,,,,,,,,,,,,,,,,,,,,,,
House Lockout,,,,,,free,Campaign Negative Phrase,,,,,,,,,,,,,,,,,,,,,,,
House Lockout,,,,,,jobs,Campaign Negative Phrase,,,,,,,,,,,,,,,,,,,,,,,
House Lockout,,,,,,job,Campaign Negative Phrase,,,,,,,,,,,,,,,,,,,,,,,
House Lockout,,,,,,hiring,Campaign Negative Phrase,,,,,,,,,,,,,,,,,,,,,,,
House Lockout,,,,,,salary,Campaign Negative Phrase,,,,,,,,,,,,,,,,,,,,,,,
House Lockout,,,,,,course,Campaign Negative Phrase,,,,,,,,,,,,,,,,,,,,,,,
House Lockout,,,,,,training,Campaign Negative Phrase,,,,,,,,,,,,,,,,,,,,,,,
House Lockout,,,,,,school,Campaign Negative Phrase,,,,,,,,,,,,,,,,,,,,,,,
House Lockout,,,,,,diy,Campaign Negative Phrase,,,,,,,,,,,,,,,,,,,,,,,
House Lockout,,,,,,how to,Campaign Negative Phrase,,,,,,,,,,,,,,,,,,,,,,,
House Lockout,,,,,,youtube,Campaign Negative Phrase,,,,,,,,,,,,,,,,,,,,,,,
House Lockout,,,,,,kit,Campaign Negative Phrase,,,,,,,,,,,,,,,,,,,,,,,
House Lockout,,,,,,amazon,Campaign Negative Phrase,,,,,,,,,,,,,,,,,,,,,,,
House Lockout,,,,,,cheap,Campaign Negative Phrase,,,,,,,,,,,,,,,,,,,,,,,
House Lockout,,,,,,cheapest,Campaign Negative Phrase,,,,,,,,,,,,,,,,,,,,,,,
House Lockout,,,,,,bump key,Campaign Negative Phrase,,,,,,,,,,,,,,,,,,,,,,,
House Lockout,,,,,,pick set,Campaign Negative Phrase,,,,,,,,,,,,,,,,,,,,,,,
House Lockout,,,,,,practice lock,Campaign Negative Phrase,,,,,,,,,,,,,,,,,,,,,,,
House Lockout,,,,,,gun safe code,Campaign Negative Phrase,,,,,,,,,,,,,,,,,,,,,,,
House Lockout,,,,,,change battery,Campaign Negative Phrase,,,,,,,,,,,,,,,,,,,,,,,
House Lockout,,,,,,wholesale,Campaign Negative Phrase,,,,,,,,,,,,,,,,,,,,,,,
House Lockout,,,,,,supplier,Campaign Negative Phrase,,,,,,,,,,,,,,,,,,,,,,,
House Lockout,,,,,,franchise,Campaign Negative Phrase,,,,,,,,,,,,,,,,,,,,,,,
House Lockout,,,,,,home depot,Campaign Negative Phrase,,,,,,,,,,,,,,,,,,,,,,,
House Lockout,,,,,,lowes,Campaign Negative Phrase,,,,,,,,,,,,,,,,,,,,,,,
House Lockout,,,,,,walmart,Campaign Negative Phrase,,,,,,,,,,,,,,,,,,,,,,,
House Lockout,,,,,,aaa,Campaign Negative Phrase,,,,,,,,,,,,,,,,,,,,,,,
House Lockout,,,,,,insurance,Campaign Negative Phrase,,,,,,,,,,,,,,,,,,,,,,,
Car Key Replacement,,,,,,free,Campaign Negative Phrase,,,,,,,,,,,,,,,,,,,,,,,
Car Key Replacement,,,,,,jobs,Campaign Negative Phrase,,,,,,,,,,,,,,,,,,,,,,,
Car Key Replacement,,,,,,job,Campaign Negative Phrase,,,,,,,,,,,,,,,,,,,,,,,
Car Key Replacement,,,,,,hiring,Campaign Negative Phrase,,,,,,,,,,,,,,,,,,,,,,,
Car Key Replacement,,,,,,salary,Campaign Negative Phrase,,,,,,,,,,,,,,,,,,,,,,,
Car Key Replacement,,,,,,course,Campaign Negative Phrase,,,,,,,,,,,,,,,,,,,,,,,
Car Key Replacement,,,,,,training,Campaign Negative Phrase,,,,,,,,,,,,,,,,,,,,,,,
Car Key Replacement,,,,,,school,Campaign Negative Phrase,,,,,,,,,,,,,,,,,,,,,,,
Car Key Replacement,,,,,,diy,Campaign Negative Phrase,,,,,,,,,,,,,,,,,,,,,,,
Car Key Replacement,,,,,,how to,Campaign Negative Phrase,,,,,,,,,,,,,,,,,,,,,,,
Car Key Replacement,,,,,,youtube,Campaign Negative Phrase,,,,,,,,,,,,,,,,,,,,,,,
Car Key Replacement,,,,,,kit,Campaign Negative Phrase,,,,,,,,,,,,,,,,,,,,,,,
Car Key Replacement,,,,,,amazon,Campaign Negative Phrase,,,,,,,,,,,,,,,,,,,,,,,
Car Key Replacement,,,,,,cheap,Campaign Negative Phrase,,,,,,,,,,,,,,,,,,,,,,,
Car Key Replacement,,,,,,cheapest,Campaign Negative Phrase,,,,,,,,,,,,,,,,,,,,,,,
Car Key Replacement,,,,,,bump key,Campaign Negative Phrase,,,,,,,,,,,,,,,,,,,,,,,
Car Key Replacement,,,,,,pick set,Campaign Negative Phrase,,,,,,,,,,,,,,,,,,,,,,,
Car Key Replacement,,,,,,practice lock,Campaign Negative Phrase,,,,,,,,,,,,,,,,,,,,,,,
Car Key Replacement,,,,,,gun safe code,Campaign Negative Phrase,,,,,,,,,,,,,,,,,,,,,,,
Car Key Replacement,,,,,,change battery,Campaign Negative Phrase,,,,,,,,,,,,,,,,,,,,,,,
Car Key Replacement,,,,,,wholesale,Campaign Negative Phrase,,,,,,,,,,,,,,,,,,,,,,,
Car Key Replacement,,,,,,supplier,Campaign Negative Phrase,,,,,,,,,,,,,,,,,,,,,,,
Car Key Replacement,,,,,,franchise,Campaign Negative Phrase,,,,,,,,,,,,,,,,,,,,,,,
Car Key Replacement,,,,,,home depot,Campaign Negative Phrase,,,,,,,,,,,,,,,,,,,,,,,
Car Key Replacement,,,,,,lowes,Campaign Negative Phrase,,,,,,,,,,,,,,,,,,,,,,,
Car Key Replacement,,,,,,walmart,Campaign Negative Phrase,,,,,,,,,,,,,,,,,,,,,,,
Car Key Replacement,,,,,,aaa,Campaign Negative Phrase,,,,,,,,,,,,,,,,,,,,,,,
Car Key Replacement,,,,,,insurance,Campaign Negative Phrase,,,,,,,,,,,,,,,,,,,,,,,
Emergency Locksmith,,,,,,free,Campaign Negative Phrase,,,,,,,,,,,,,,,,,,,,,,,
Emergency Locksmith,,,,,,jobs,Campaign Negative Phrase,,,,,,,,,,,,,,,,,,,,,,,
Emergency Locksmith,,,,,,job,Campaign Negative Phrase,,,,,,,,,,,,,,,,,,,,,,,
Emergency Locksmith,,,,,,hiring,Campaign Negative Phrase,,,,,,,,,,,,,,,,,,,,,,,
Emergency Locksmith,,,,,,salary,Campaign Negative Phrase,,,,,,,,,,,,,,,,,,,,,,,
Emergency Locksmith,,,,,,course,Campaign Negative Phrase,,,,,,,,,,,,,,,,,,,,,,,
Emergency Locksmith,,,,,,training,Campaign Negative Phrase,,,,,,,,,,,,,,,,,,,,,,,
Emergency Locksmith,,,,,,school,Campaign Negative Phrase,,,,,,,,,,,,,,,,,,,,,,,
Emergency Locksmith,,,,,,diy,Campaign Negative Phrase,,,,,,,,,,,,,,,,,,,,,,,
Emergency Locksmith,,,,,,how to,Campaign Negative Phrase,,,,,,,,,,,,,,,,,,,,,,,
Emergency Locksmith,,,,,,youtube,Campaign Negative Phrase,,,,,,,,,,,,,,,,,,,,,,,
Emergency Locksmith,,,,,,kit,Campaign Negative Phrase,,,,,,,,,,,,,,,,,,,,,,,
Emergency Locksmith,,,,,,amazon,Campaign Negative Phrase,,,,,,,,,,,,,,,,,,,,,,,
Emergency Locksmith,,,,,,cheap,Campaign Negative Phrase,,,,,,,,,,,,,,,,,,,,,,,
Emergency Locksmith,,,,,,cheapest,Campaign Negative Phrase,,,,,,,,,,,,,,,,,,,,,,,
Emergency Locksmith,,,,,,bump key,Campaign Negative Phrase,,,,,,,,,,,,,,,,,,,,,,,
Emergency Locksmith,,,,,,pick set,Campaign Negative Phrase,,,,,,,,,,,,,,,,,,,,,,,
Emergency Locksmith,,,,,,practice lock,Campaign Negative Phrase,,,,,,,,,,,,,,,,,,,,,,,
Emergency Locksmith,,,,,,gun safe code,Campaign Negative Phrase,,,,,,,,,,,,,,,,,,,,,,,
Emergency Locksmith,,,,,,change battery,Campaign Negative Phrase,,,,,,,,,,,,,,,,,,,,,,,
Emergency Locksmith,,,,,,wholesale,Campaign Negative Phrase,,,,,,,,,,,,,,,,,,,,,,,
Emergency Locksmith,,,,,,supplier,Campaign Negative Phrase,,,,,,,,,,,,,,,,,,,,,,,
Emergency Locksmith,,,,,,franchise,Campaign Negative Phrase,,,,,,,,,,,,,,,,,,,,,,,
Emergency Locksmith,,,,,,home depot,Campaign Negative Phrase,,,,,,,,,,,,,,,,,,,,,,,
Emergency Locksmith,,,,,,lowes,Campaign Negative Phrase,,,,,,,,,,,,,,,,,,,,,,,
Emergency Locksmith,,,,,,walmart,Campaign Negative Phrase,,,,,,,,,,,,,,,,,,,,,,,
Emergency Locksmith,,,,,,aaa,Campaign Negative Phrase,,,,,,,,,,,,,,,,,,,,,,,
Emergency Locksmith,,,,,,insurance,Campaign Negative Phrase,,,,,,,,,,,,,,,,,,,,,,,